Vaccine 5G_unscaled,Vaccine 5G_monthly,isPartial,scale,Vaccine 5G,plandemic_unscaled,plandemic_monthly,isPartial,scale,plandemic,anti mask_unscaled,anti mask_monthly,isPartial,scale,anti mask,Great Reset_unscaled,Great Reset_monthly,isPartial,scale,Great Reset,Bill Gates Vaccine_unscaled,Bill Gates Vaccine_monthly,isPartial,scale,Bill Gates Vaccine
0,11.0,False,0.11,0.0,0,0.0,False,0.0,0.0,53,82.0,False,0.82,43.46,0,1.0,False,0.01,0.0,15,2.0,False,0.02,0.3
15,11.0,,0.11,1.65,0,0.0,,0.0,0.0,75,82.0,,0.82,61.49999999999999,0,1.0,,0.01,0.0,0,2.0,,0.02,0.0
0,11.0,,0.11,0.0,0,0.0,,0.0,0.0,84,82.0,,0.82,68.88,0,1.0,,0.01,0.0,0,2.0,,0.02,0.0
0,11.0,,0.11,0.0,0,0.0,,0.0,0.0,87,82.0,,0.82,71.33999999999999,0,1.0,,0.01,0.0,7,2.0,,0.02,0.14
31,11.0,,0.11,3.41,0,0.0,,0.0,0.0,94,82.0,,0.82,77.08,68,1.0,,0.01,0.68,13,2.0,,0.02,0.26
0,11.0,,0.11,0.0,33,0.0,,0.0,0.0,68,82.0,,0.82,55.76,0,1.0,,0.01,0.0,7,2.0,,0.02,0.14
0,11.0,,0.11,0.0,0,0.0,,0.0,0.0,48,82.0,,0.82,39.36,0,1.0,,0.01,0.0,7,2.0,,0.02,0.14
0,11.0,False,0.11,0.0,0,0.0,False,0.0,0.0,50,70.0,False,0.7,35.0,76,0.0,False,0.0,0.0,0,6.0,False,0.06,0.0
0,11.0,,0.11,0.0,0,0.0,,0.0,0.0,47,70.0,,0.7,32.9,0,0.0,,0.0,0.0,13,6.0,,0.06,0.78
0,11.0,,0.11,0.0,0,0.0,,0.0,0.0,58,70.0,,0.7,40.599999999999994,100,0.0,,0.0,0.0,13,6.0,,0.06,0.78
15,11.0,,0.11,1.65,0,0.0,,0.0,0.0,35,70.0,,0.7,24.5,0,0.0,,0.0,0.0,13,6.0,,0.06,0.78
30,11.0,,0.11,3.3,31,0.0,,0.0,0.0,69,70.0,,0.7,48.3,33,0.0,,0.0,0.0,13,6.0,,0.06,0.78
0,11.0,,0.11,0.0,0,0.0,,0.0,0.0,78,70.0,,0.7,54.599999999999994,0,0.0,,0.0,0.0,20,6.0,,0.06,1.2
0,11.0,,0.11,0.0,0,0.0,,0.0,0.0,80,70.0,,0.7,56.0,76,0.0,,0.0,0.0,51,6.0,,0.06,3.06
35,28.0,False,0.28,9.8,0,0.0,False,0.0,0.0,86,95.0,False,0.95,81.7,38,1.0,False,0.01,0.38,22,12.0,False,0.12,2.6399999999999997
60,28.0,,0.28,16.8,0,0.0,,0.0,0.0,100,95.0,,0.95,95.0,65,1.0,,0.01,0.65,50,12.0,,0.12,6.0
76,28.0,,0.28,21.28,31,0.0,,0.0,0.0,71,95.0,,0.95,67.45,33,1.0,,0.01,0.33,45,12.0,,0.12,5.3999999999999995
15,28.0,,0.28,4.2,0,0.0,,0.0,0.0,62,95.0,,0.95,58.9,33,1.0,,0.01,0.33,71,12.0,,0.12,8.52
0,28.0,,0.28,0.0,31,0.0,,0.0,0.0,77,95.0,,0.95,73.14999999999999,0,1.0,,0.01,0.0,52,12.0,,0.12,6.24
45,28.0,,0.28,12.600000000000001,0,0.0,,0.0,0.0,77,95.0,,0.95,73.14999999999999,0,1.0,,0.01,0.0,75,12.0,,0.12,9.0
0,28.0,,0.28,0.0,70,0.0,,0.0,0.0,70,95.0,,0.95,66.5,0,1.0,,0.01,0.0,58,12.0,,0.12,6.96
17,21.0,False,0.21,3.57,34,0.0,False,0.0,0.0,58,59.0,False,0.59,34.22,36,1.0,False,0.01,0.36,42,17.0,False,0.17,7.140000000000001
14,21.0,,0.21,2.94,28,0.0,,0.0,0.0,49,59.0,,0.59,28.91,91,1.0,,0.01,0.91,100,17.0,,0.17,17.0
0,21.0,,0.21,0.0,0,0.0,,0.0,0.0,56,59.0,,0.59,33.04,64,1.0,,0.01,0.64,62,17.0,,0.17,10.540000000000001
15,21.0,,0.21,3.15,31,0.0,,0.0,0.0,51,59.0,,0.59,30.09,33,1.0,,0.01,0.33,45,17.0,,0.17,7.65
61,21.0,,0.21,12.809999999999999,0,0.0,,0.0,0.0,55,59.0,,0.59,32.449999999999996,33,1.0,,0.01,0.33,83,17.0,,0.17,14.110000000000001
29,21.0,,0.21,6.09,0,0.0,,0.0,0.0,42,59.0,,0.59,24.779999999999998,0,1.0,,0.01,0.0,92,17.0,,0.17,15.64
0,21.0,,0.21,0.0,33,0.0,,0.0,0.0,55,59.0,,0.59,32.449999999999996,71,1.0,,0.01,0.71,34,17.0,,0.17,5.78
33,73.0,False,0.73,24.09,100,0.0,False,0.0,0.0,52,74.0,False,0.74,38.48,0,0.0,False,0.0,0.0,97,31.0,False,0.31,30.07
57,73.0,,0.73,41.61,29,0.0,,0.0,0.0,44,74.0,,0.74,32.56,0,0.0,,0.0,0.0,73,31.0,,0.31,22.63
100,73.0,,0.73,73.0,0,0.0,,0.0,0.0,41,74.0,,0.74,30.34,31,0.0,,0.0,0.0,72,31.0,,0.31,22.32
27,73.0,,0.73,19.71,35,0.0,,0.0,0.0,64,74.0,,0.74,47.36,0,0.0,,0.0,0.0,15,31.0,,0.31,4.65
34,73.0,,0.73,24.82,18,0.0,,0.0,0.0,55,74.0,,0.74,40.7,0,0.0,,0.0,0.0,22,31.0,,0.31,6.82
56,73.0,,0.73,40.879999999999995,18,0.0,,0.0,0.0,73,74.0,,0.74,54.019999999999996,34,0.0,,0.0,0.0,21,31.0,,0.31,6.51
100,73.0,,0.73,73.0,20,0.0,,0.0,0.0,100,74.0,,0.74,74.0,0,0.0,,0.0,0.0,42,31.0,,0.31,13.02
62,100.0,False,1.0,62.0,40,0.0,False,0.0,0.0,71,59.0,False,0.59,41.89,39,1.0,False,0.01,0.39,64,100.0,False,1.0,64.0
13,100.0,,1.0,13.0,0,0.0,,0.0,0.0,33,59.0,,0.59,19.47,0,1.0,,0.01,0.0,77,100.0,,1.0,77.0
69,100.0,,1.0,69.0,36,0.0,,0.0,0.0,48,59.0,,0.59,28.32,0,1.0,,0.01,0.0,87,100.0,,1.0,87.0
21,100.0,,1.0,21.0,18,0.0,,0.0,0.0,73,59.0,,0.59,43.07,34,1.0,,0.01,0.34,58,100.0,,1.0,58.0
21,100.0,,1.0,21.0,18,0.0,,0.0,0.0,57,59.0,,0.59,33.629999999999995,35,1.0,,0.01,0.35000000000000003,87,100.0,,1.0,87.0
52,100.0,,1.0,52.0,38,0.0,,0.0,0.0,83,59.0,,0.59,48.97,73,1.0,,0.01,0.73,74,100.0,,1.0,74.0
31,100.0,,1.0,31.0,0,0.0,,0.0,0.0,44,59.0,,0.59,25.959999999999997,0,1.0,,0.01,0.0,79,100.0,,1.0,79.0
86,49.0,False,0.49,42.14,40,0.0,False,0.0,0.0,66,69.0,False,0.69,45.54,39,1.0,False,0.01,0.39,77,97.0,False,0.97,74.69
35,49.0,,0.49,17.15,55,0.0,,0.0,0.0,44,69.0,,0.69,30.36,35,1.0,,0.01,0.35000000000000003,89,97.0,,0.97,86.33
34,49.0,,0.49,16.66,87,0.0,,0.0,0.0,43,69.0,,0.69,29.669999999999998,0,1.0,,0.01,0.0,100,97.0,,0.97,97.0
20,49.0,,0.49,9.8,18,0.0,,0.0,0.0,50,69.0,,0.69,34.5,0,1.0,,0.01,0.0,69,97.0,,0.97,66.92999999999999
27,49.0,,0.49,13.23,52,0.0,,0.0,0.0,73,69.0,,0.69,50.37,100,1.0,,0.01,1.0,69,97.0,,0.97,66.92999999999999
14,49.0,,0.49,6.859999999999999,54,0.0,,0.0,0.0,68,69.0,,0.69,46.919999999999995,0,1.0,,0.01,0.0,64,97.0,,0.97,62.08
0,49.0,,0.49,0.0,40,0.0,,0.0,0.0,43,69.0,,0.69,29.669999999999998,0,1.0,,0.01,0.0,69,97.0,,0.97,66.92999999999999
23,21.0,False,0.21,4.83,20,0.0,False,0.0,0.0,49,58.0,False,0.58,28.419999999999998,38,1.0,False,0.01,0.38,63,61.0,False,0.61,38.43
27,21.0,,0.21,5.67,52,0.0,,0.0,0.0,33,58.0,,0.58,19.139999999999997,0,1.0,,0.01,0.0,64,61.0,,0.61,39.04
7,21.0,,0.21,1.47,17,0.0,,0.0,0.0,71,58.0,,0.58,41.18,33,1.0,,0.01,0.33,50,61.0,,0.61,30.5
7,21.0,,0.21,1.47,18,0.0,,0.0,0.0,55,58.0,,0.58,31.9,34,1.0,,0.01,0.34,45,61.0,,0.61,27.45
20,21.0,,0.21,4.2,35,0.0,,0.0,0.0,63,58.0,,0.58,36.54,0,1.0,,0.01,0.0,36,61.0,,0.61,21.96
14,21.0,,0.21,2.94,18,0.0,,0.0,0.0,36,58.0,,0.58,20.88,34,1.0,,0.01,0.34,47,61.0,,0.61,28.669999999999998
15,21.0,,0.21,3.15,40,0.0,,0.0,0.0,40,58.0,,0.58,23.2,38,1.0,,0.01,0.38,40,61.0,,0.61,24.4
0,14.0,False,0.14,0.0,100,0.0,False,0.0,0.0,57,53.0,False,0.53,30.21,0,1.0,False,0.01,0.0,34,48.0,False,0.48,16.32
0,14.0,,0.14,0.0,0,0.0,,0.0,0.0,38,53.0,,0.53,20.14,0,1.0,,0.01,0.0,46,48.0,,0.48,22.08
14,14.0,,0.14,1.9600000000000002,35,0.0,,0.0,0.0,45,53.0,,0.53,23.85,67,1.0,,0.01,0.67,45,48.0,,0.48,21.599999999999998
0,14.0,,0.14,0.0,17,0.0,,0.0,0.0,56,53.0,,0.53,29.68,0,1.0,,0.01,0.0,41,48.0,,0.48,19.68
0,14.0,,0.14,0.0,67,0.0,,0.0,0.0,57,53.0,,0.53,30.21,0,1.0,,0.01,0.0,49,48.0,,0.48,23.52
26,14.0,,0.14,3.6400000000000006,0,0.0,,0.0,0.0,73,53.0,,0.53,38.690000000000005,65,1.0,,0.01,0.65,68,48.0,,0.48,32.64
27,14.0,,0.14,3.7800000000000002,0,0.0,,0.0,0.0,67,53.0,,0.53,35.510000000000005,100,1.0,,0.01,1.0,55,48.0,,0.48,26.4
0,25.0,False,0.25,0.0,0,100.0,False,1.0,0.0,66,49.0,False,0.49,32.339999999999996,0,1.0,False,0.01,0.0,88,61.0,False,0.61,53.68
24,25.0,,0.25,6.0,0,100.0,,1.0,0.0,60,49.0,,0.49,29.4,59,1.0,,0.01,0.59,55,61.0,,0.61,33.55
22,25.0,,0.25,5.5,2,100.0,,1.0,2.0,81,49.0,,0.49,39.69,28,1.0,,0.01,0.28,79,61.0,,0.61,48.19
71,25.0,,0.25,17.75,40,100.0,,1.0,40.0,69,49.0,,0.49,33.81,59,1.0,,0.01,0.59,83,61.0,,0.61,50.629999999999995
0,25.0,,0.25,0.0,100,100.0,,1.0,100.0,58,49.0,,0.49,28.419999999999998,30,1.0,,0.01,0.3,100,61.0,,0.61,61.0
25,25.0,,0.25,6.25,58,100.0,,1.0,58.0,62,49.0,,0.49,30.38,31,1.0,,0.01,0.31,76,61.0,,0.61,46.36
28,25.0,,0.25,7.0,35,100.0,,1.0,35.0,62,49.0,,0.49,30.38,35,1.0,,0.01,0.35000000000000003,59,61.0,,0.61,35.99
28,21.0,False,0.21,5.88,19,29.0,False,0.29,5.51,69,48.0,False,0.48,33.12,34,0.0,False,0.0,0.0,85,47.0,False,0.47,39.949999999999996
24,21.0,,0.21,5.04,13,29.0,,0.29,3.7699999999999996,70,48.0,,0.48,33.6,0,0.0,,0.0,0.0,40,47.0,,0.47,18.799999999999997
0,21.0,,0.21,0.0,14,29.0,,0.29,4.06,100,48.0,,0.48,48.0,30,0.0,,0.0,0.0,47,47.0,,0.47,22.09
24,21.0,,0.21,5.04,8,29.0,,0.29,2.32,57,48.0,,0.48,27.36,0,0.0,,0.0,0.0,60,47.0,,0.47,28.2
24,21.0,,0.21,5.04,6,29.0,,0.29,1.7399999999999998,57,48.0,,0.48,27.36,30,0.0,,0.0,0.0,83,47.0,,0.47,39.01
100,21.0,,0.21,21.0,5,29.0,,0.29,1.45,66,48.0,,0.48,31.68,0,0.0,,0.0,0.0,60,47.0,,0.47,28.2
84,21.0,,0.21,17.64,4,29.0,,0.29,1.16,66,48.0,,0.48,31.68,35,0.0,,0.0,0.0,68,47.0,,0.47,31.959999999999997
55,21.0,False,0.21,11.549999999999999,4,8.0,False,0.08,0.32,42,46.0,False,0.46,19.32,34,1.0,False,0.01,0.34,64,42.0,False,0.42,26.88
24,21.0,,0.21,5.04,3,8.0,,0.08,0.24,41,46.0,,0.46,18.86,30,1.0,,0.01,0.3,98,42.0,,0.42,41.16
0,21.0,,0.21,0.0,3,8.0,,0.08,0.24,54,46.0,,0.46,24.84,30,1.0,,0.01,0.3,50,42.0,,0.42,21.0
0,21.0,,0.21,0.0,3,8.0,,0.08,0.24,34,46.0,,0.46,15.64,0,1.0,,0.01,0.0,54,42.0,,0.42,22.68
51,21.0,,0.21,10.709999999999999,2,8.0,,0.08,0.16,56,46.0,,0.46,25.76,31,1.0,,0.01,0.31,47,42.0,,0.42,19.74
50,21.0,,0.21,10.5,2,8.0,,0.08,0.16,52,46.0,,0.46,23.92,31,1.0,,0.01,0.31,51,42.0,,0.42,21.419999999999998
0,21.0,,0.21,0.0,2,8.0,,0.08,0.16,46,46.0,,0.46,21.16,34,1.0,,0.01,0.34,70,42.0,,0.42,29.4
28,11.0,False,0.11,3.08,2,4.0,False,0.04,0.08,71,50.0,False,0.5,35.5,35,1.0,False,0.01,0.35000000000000003,58,29.0,False,0.29,16.82
0,11.0,,0.11,0.0,2,4.0,,0.04,0.08,46,50.0,,0.5,23.0,32,1.0,,0.01,0.32,47,29.0,,0.29,13.629999999999999
49,11.0,,0.11,5.39,1,4.0,,0.04,0.04,54,50.0,,0.5,27.0,30,1.0,,0.01,0.3,61,29.0,,0.29,17.689999999999998
50,11.0,,0.11,5.5,2,4.0,,0.04,0.08,58,50.0,,0.5,29.0,31,1.0,,0.01,0.31,39,29.0,,0.29,11.309999999999999
49,11.0,,0.11,5.39,1,4.0,,0.04,0.04,68,50.0,,0.5,34.0,61,1.0,,0.01,0.61,18,29.0,,0.29,5.22
0,11.0,,0.11,0.0,1,4.0,,0.04,0.04,81,50.0,,0.5,40.5,31,1.0,,0.01,0.31,21,29.0,,0.29,6.09
56,11.0,,0.11,6.16,1,4.0,,0.04,0.04,63,50.0,,0.5,31.5,0,1.0,,0.01,0.0,13,29.0,,0.29,3.7699999999999996
0,8.0,False,0.08,0.0,1,2.0,False,0.02,0.02,70,45.0,False,0.45,31.5,69,2.0,False,0.02,1.3800000000000001,23,15.0,False,0.15,3.4499999999999997
25,8.0,,0.08,2.0,100,2.0,,0.02,2.0,24,45.0,,0.45,10.8,8,2.0,,0.02,0.16,25,15.0,,0.15,3.75
0,8.0,,0.08,0.0,67,2.0,,0.02,1.34,39,45.0,,0.45,17.55,8,2.0,,0.02,0.16,25,15.0,,0.15,3.75
0,8.0,,0.08,0.0,38,2.0,,0.02,0.76,60,45.0,,0.45,27.0,23,2.0,,0.02,0.46,53,15.0,,0.15,7.949999999999999
23,8.0,,0.08,1.84,38,2.0,,0.02,0.76,37,45.0,,0.45,16.650000000000002,68,2.0,,0.02,1.36,35,15.0,,0.15,5.25
0,8.0,,0.08,0.0,44,2.0,,0.02,0.88,36,45.0,,0.45,16.2,40,2.0,,0.02,0.8,73,15.0,,0.15,10.95
55,8.0,,0.08,4.4,77,2.0,,0.02,1.54,57,45.0,,0.45,25.650000000000002,46,2.0,,0.02,0.92,64,15.0,,0.15,9.6
28,11.0,False,0.11,3.08,72,2.0,False,0.02,1.44,48,36.0,False,0.36,17.28,28,3.0,False,0.03,0.84,100,14.0,False,0.14,14.000000000000002
0,11.0,,0.11,0.0,42,2.0,,0.02,0.84,42,36.0,,0.36,15.12,100,3.0,,0.03,3.0,59,14.0,,0.14,8.260000000000002
0,11.0,,0.11,0.0,63,2.0,,0.02,1.26,27,36.0,,0.36,9.719999999999999,38,3.0,,0.03,1.14,52,14.0,,0.14,7.280000000000001
24,11.0,,0.11,2.64,63,2.0,,0.02,1.26,37,36.0,,0.36,13.32,40,3.0,,0.03,1.2,80,14.0,,0.14,11.200000000000001
49,11.0,,0.11,5.39,64,2.0,,0.02,1.28,37,36.0,,0.36,13.32,58,3.0,,0.03,1.74,63,14.0,,0.14,8.82
0,11.0,,0.11,0.0,29,2.0,,0.02,0.58,22,36.0,,0.36,7.92,35,3.0,,0.03,1.05,40,14.0,,0.14,5.6000000000000005
29,11.0,,0.11,3.19,48,2.0,,0.02,0.96,31,36.0,,0.36,11.16,39,3.0,,0.03,1.17,74,14.0,,0.14,10.360000000000001
0,4.0,False,0.04,0.0,79,1.0,False,0.01,0.79,43,44.0,False,0.44,18.92,57,4.0,False,0.04,2.2800000000000002,87,11.0,False,0.11,9.57
25,4.0,,0.04,1.0,46,1.0,,0.01,0.46,38,44.0,,0.44,16.72,42,4.0,,0.04,1.68,45,11.0,,0.11,4.95
24,4.0,,0.04,0.96,22,1.0,,0.01,0.22,39,44.0,,0.44,17.16,16,4.0,,0.04,0.64,31,11.0,,0.11,3.41
0,4.0,,0.04,0.0,23,1.0,,0.01,0.23,43,44.0,,0.44,18.92,25,4.0,,0.04,1.0,56,11.0,,0.11,6.16
0,4.0,,0.04,0.0,50,1.0,,0.01,0.5,35,44.0,,0.44,15.4,25,4.0,,0.04,1.0,19,11.0,,0.11,2.09
0,4.0,,0.04,0.0,33,1.0,,0.01,0.33,56,44.0,,0.44,24.64,43,4.0,,0.04,1.72,33,11.0,,0.11,3.63
0,4.0,,0.04,0.0,32,1.0,,0.01,0.32,53,44.0,,0.44,23.32,38,4.0,,0.04,1.52,15,11.0,,0.11,1.65
0,18.0,False,0.18,0.0,27,1.0,False,0.01,0.27,59,61.0,False,0.61,35.99,38,3.0,False,0.03,1.14,29,13.0,False,0.13,3.77
100,18.0,,0.18,18.0,37,1.0,,0.01,0.37,41,61.0,,0.61,25.009999999999998,25,3.0,,0.03,0.75,32,13.0,,0.13,4.16
0,18.0,,0.18,0.0,37,1.0,,0.01,0.37,49,61.0,,0.61,29.89,25,3.0,,0.03,0.75,39,13.0,,0.13,5.07
0,18.0,,0.18,0.0,24,1.0,,0.01,0.24,52,61.0,,0.61,31.72,43,3.0,,0.03,1.29,39,13.0,,0.13,5.07
0,18.0,,0.18,0.0,56,1.0,,0.01,0.56,79,61.0,,0.61,48.19,50,3.0,,0.03,1.5,19,13.0,,0.13,2.47
0,18.0,,0.18,0.0,39,1.0,,0.01,0.39,91,61.0,,0.61,55.51,44,3.0,,0.03,1.3199999999999998,88,13.0,,0.13,11.440000000000001
29,18.0,,0.18,5.22,53,1.0,,0.01,0.53,96,61.0,,0.61,58.56,48,3.0,,0.03,1.44,44,13.0,,0.13,5.720000000000001
0,20.0,False,0.2,0.0,62,1.0,False,0.01,0.62,100,79.0,False,0.79,79.0,28,3.0,False,0.03,0.84,57,13.0,False,0.13,7.41
0,20.0,,0.2,0.0,14,1.0,,0.01,0.14,94,79.0,,0.79,74.26,68,3.0,,0.03,2.04,65,13.0,,0.13,8.450000000000001
76,20.0,,0.2,15.200000000000001,56,1.0,,0.01,0.56,63,79.0,,0.79,49.77,68,3.0,,0.03,2.04,52,13.0,,0.13,6.76
0,20.0,,0.2,0.0,17,1.0,,0.01,0.17,42,79.0,,0.79,33.18,51,3.0,,0.03,1.53,31,13.0,,0.13,4.03
30,20.0,,0.2,6.0,8,1.0,,0.01,0.08,37,79.0,,0.79,29.23,25,3.0,,0.03,0.75,31,13.0,,0.13,4.03
31,20.0,,0.2,6.2,16,1.0,,0.01,0.16,97,79.0,,0.79,76.63000000000001,44,3.0,,0.03,1.3199999999999998,21,13.0,,0.13,2.73
35,20.0,,0.2,7.0,6,1.0,,0.01,0.06,69,79.0,,0.79,54.510000000000005,29,3.0,,0.03,0.87,42,13.0,,0.13,5.46
0,9.0,False,0.09,0.0,15,1.0,False,0.01,0.15,45,61.0,False,0.61,27.45,49,3.0,False,0.03,1.47,59,12.0,False,0.12,7.08
0,9.0,,0.09,0.0,12,1.0,,0.01,0.12,32,61.0,,0.61,19.52,42,3.0,,0.03,1.26,51,12.0,,0.12,6.12
0,9.0,,0.09,0.0,15,1.0,,0.01,0.15,70,61.0,,0.61,42.699999999999996,50,3.0,,0.03,1.5,20,12.0,,0.12,2.4
30,9.0,,0.09,2.6999999999999997,10,1.0,,0.01,0.1,78,61.0,,0.61,47.58,8,3.0,,0.03,0.24,62,12.0,,0.12,7.4399999999999995
0,9.0,,0.09,0.0,22,1.0,,0.01,0.22,46,61.0,,0.61,28.06,34,3.0,,0.03,1.02,16,12.0,,0.12,1.92
0,9.0,,0.09,0.0,18,1.0,,0.01,0.18,34,61.0,,0.61,20.74,18,3.0,,0.03,0.54,27,12.0,,0.12,3.2399999999999998
0,9.0,,0.09,0.0,14,1.0,,0.01,0.14,51,61.0,,0.61,31.11,29,3.0,,0.03,0.87,42,12.0,,0.12,5.04
35,23.0,False,0.23,8.05,12,1.0,False,0.01,0.12,62,100.0,False,1.0,62.0,10,3.0,False,0.03,0.3,48,22.0,False,0.22,10.56
0,23.0,,0.23,0.0,7,1.0,,0.01,0.07,56,100.0,,1.0,56.0,60,3.0,,0.03,1.7999999999999998,36,22.0,,0.22,7.92
31,23.0,,0.23,7.13,12,1.0,,0.01,0.12,91,100.0,,1.0,91.0,34,3.0,,0.03,1.02,31,22.0,,0.22,6.82
31,23.0,,0.23,7.13,10,1.0,,0.01,0.1,77,100.0,,1.0,77.0,51,3.0,,0.03,1.53,47,22.0,,0.22,10.34
31,23.0,,0.23,7.13,17,1.0,,0.01,0.17,68,100.0,,1.0,68.0,17,3.0,,0.03,0.51,68,22.0,,0.22,14.96
0,23.0,,0.23,0.0,13,1.0,,0.01,0.13,95,100.0,,1.0,95.0,37,3.0,,0.03,1.1099999999999999,33,22.0,,0.22,7.26
36,23.0,,0.23,8.280000000000001,12,1.0,,0.01,0.12,95,100.0,,1.0,95.0,20,3.0,,0.03,0.6,30,22.0,,0.22,6.6
0,14.0,False,0.14,0.0,4,3.0,False,0.03,0.12,100,94.0,False,0.94,94.0,60,4.0,False,0.04,2.4,60,22.0,False,0.22,13.2
0,14.0,,0.14,0.0,39,3.0,,0.03,1.17,82,94.0,,0.94,77.08,52,4.0,,0.04,2.08,63,22.0,,0.22,13.86
95,14.0,,0.14,13.3,16,3.0,,0.03,0.48,96,94.0,,0.94,90.24,35,4.0,,0.04,1.4000000000000001,27,22.0,,0.22,5.94
0,14.0,,0.14,0.0,26,3.0,,0.03,0.78,86,94.0,,0.94,80.83999999999999,17,4.0,,0.04,0.68,37,22.0,,0.22,8.14
31,14.0,,0.14,4.340000000000001,22,3.0,,0.03,0.6599999999999999,38,94.0,,0.94,35.72,43,4.0,,0.04,1.72,84,22.0,,0.22,18.48
0,14.0,,0.14,0.0,16,3.0,,0.03,0.48,64,94.0,,0.94,60.16,54,4.0,,0.04,2.16,94,22.0,,0.22,20.68
36,14.0,,0.14,5.040000000000001,100,3.0,,0.03,3.0,74,94.0,,0.94,69.56,30,4.0,,0.04,1.2,91,22.0,,0.22,20.02
36,12.0,False,0.12,4.32,62,2.0,False,0.02,1.24,79,89.0,False,0.89,70.31,100,2.0,False,0.02,2.0,73,35.0,False,0.35,25.549999999999997
0,12.0,,0.12,0.0,24,2.0,,0.02,0.48,83,89.0,,0.89,73.87,44,2.0,,0.02,0.88,79,35.0,,0.35,27.65
0,12.0,,0.12,0.0,41,2.0,,0.02,0.8200000000000001,80,89.0,,0.89,71.2,43,2.0,,0.02,0.86,100,35.0,,0.35,35.0
32,12.0,,0.12,3.84,28,2.0,,0.02,0.56,60,89.0,,0.89,53.4,62,2.0,,0.02,1.24,97,35.0,,0.35,33.949999999999996
0,12.0,,0.12,0.0,14,2.0,,0.02,0.28,82,89.0,,0.89,72.98,27,2.0,,0.02,0.54,92,35.0,,0.35,32.199999999999996
100,12.0,,0.12,12.0,15,2.0,,0.02,0.3,61,89.0,,0.89,54.29,47,2.0,,0.02,0.9400000000000001,90,35.0,,0.35,31.499999999999996
52,12.0,,0.12,6.24,9,2.0,,0.02,0.18,61,89.0,,0.89,54.29,27,2.0,,0.02,0.54,73,35.0,,0.35,25.549999999999997
0,11.0,False,0.11,0.0,13,1.0,False,0.01,0.13,83,80.0,False,0.8,66.4,16,4.0,False,0.04,0.64,73,23.0,False,0.23,16.79
0,11.0,,0.11,0.0,7,1.0,,0.01,0.07,100,80.0,,0.8,80.0,28,4.0,,0.04,1.12,78,23.0,,0.23,17.94
43,11.0,,0.11,4.73,6,1.0,,0.01,0.06,56,80.0,,0.8,44.800000000000004,36,4.0,,0.04,1.44,57,23.0,,0.23,13.110000000000001
44,11.0,,0.11,4.84,10,1.0,,0.01,0.1,55,80.0,,0.8,44.0,14,4.0,,0.04,0.56,38,23.0,,0.23,8.74
44,11.0,,0.11,4.84,7,1.0,,0.01,0.07,60,80.0,,0.8,48.0,59,4.0,,0.04,2.36,67,23.0,,0.23,15.41
0,11.0,,0.11,0.0,8,1.0,,0.01,0.08,78,80.0,,0.8,62.400000000000006,23,4.0,,0.04,0.92,44,23.0,,0.23,10.120000000000001
50,11.0,,0.11,5.5,6,1.0,,0.01,0.06,62,80.0,,0.8,49.6,37,4.0,,0.04,1.48,66,23.0,,0.23,15.180000000000001
0,20.0,False,0.2,0.0,4,1.0,False,0.01,0.04,91,70.0,False,0.7,63.699999999999996,42,9.0,False,0.09,3.78,22,22.0,False,0.22,4.84
43,20.0,,0.2,8.6,5,1.0,,0.01,0.05,94,70.0,,0.7,65.8,59,9.0,,0.09,5.31,76,22.0,,0.22,16.72
43,20.0,,0.2,8.6,8,1.0,,0.01,0.08,85,70.0,,0.7,59.49999999999999,45,9.0,,0.09,4.05,94,22.0,,0.22,20.68
0,20.0,,0.2,0.0,7,1.0,,0.01,0.07,86,70.0,,0.7,60.199999999999996,100,9.0,,0.09,9.0,100,22.0,,0.22,22.0
44,20.0,,0.2,8.8,7,1.0,,0.01,0.07,57,70.0,,0.7,39.9,91,9.0,,0.09,8.19,48,22.0,,0.22,10.56
0,20.0,,0.2,0.0,7,1.0,,0.01,0.07,60,70.0,,0.7,42.0,42,9.0,,0.09,3.78,48,22.0,,0.22,10.56
0,20.0,,0.2,0.0,18,1.0,,0.01,0.18,65,70.0,,0.7,45.5,68,9.0,,0.09,6.12,49,22.0,,0.22,10.78
0,9.0,False,0.09,0.0,15,7.0,False,0.07,1.05,49,57.0,False,0.57,27.929999999999996,83,6.0,False,0.06,4.9799999999999995,33,14.0,False,0.14,4.62
0,9.0,,0.09,0.0,19,7.0,,0.07,1.33,77,57.0,,0.57,43.88999999999999,55,6.0,,0.06,3.3,44,14.0,,0.14,6.16
43,9.0,,0.09,3.8699999999999997,57,7.0,,0.07,3.99,48,57.0,,0.57,27.36,40,6.0,,0.06,2.4,28,14.0,,0.14,3.9200000000000004
43,9.0,,0.09,3.8699999999999997,91,7.0,,0.07,6.370000000000001,59,57.0,,0.57,33.629999999999995,31,6.0,,0.06,1.8599999999999999,47,14.0,,0.14,6.580000000000001
0,9.0,,0.09,0.0,100,7.0,,0.07,7.000000000000001,61,57.0,,0.57,34.769999999999996,28,6.0,,0.06,1.68,44,14.0,,0.14,6.16
0,9.0,,0.09,0.0,82,7.0,,0.07,5.74,70,57.0,,0.57,39.9,14,6.0,,0.06,0.84,20,14.0,,0.14,2.8000000000000003
100,9.0,,0.09,9.0,67,7.0,,0.07,4.69,65,57.0,,0.57,37.05,52,6.0,,0.06,3.12,66,14.0,,0.14,9.24
0,4.0,False,0.04,0.0,68,4.0,False,0.04,2.72,74,52.0,False,0.52,38.480000000000004,47,6.0,False,0.06,2.82,65,14.0,False,0.14,9.100000000000001
0,4.0,,0.04,0.0,32,4.0,,0.04,1.28,61,52.0,,0.52,31.720000000000002,40,6.0,,0.06,2.4,42,14.0,,0.14,5.880000000000001
43,4.0,,0.04,1.72,37,4.0,,0.04,1.48,77,52.0,,0.52,40.04,40,6.0,,0.06,2.4,42,14.0,,0.14,5.880000000000001
0,4.0,,0.04,0.0,30,4.0,,0.04,1.2,30,52.0,,0.52,15.600000000000001,45,6.0,,0.06,2.6999999999999997,29,14.0,,0.14,4.0600000000000005
0,4.0,,0.04,0.0,52,4.0,,0.04,2.08,62,52.0,,0.52,32.24,14,6.0,,0.06,0.84,47,14.0,,0.14,6.580000000000001
0,4.0,,0.04,0.0,24,4.0,,0.04,0.96,58,52.0,,0.52,30.16,23,6.0,,0.06,1.38,25,14.0,,0.14,3.5000000000000004
0,4.0,,0.04,0.0,21,4.0,,0.04,0.84,73,52.0,,0.52,37.96,36,6.0,,0.06,2.16,37,14.0,,0.14,5.180000000000001
0,9.0,False,0.09,0.0,32,2.0,False,0.02,0.64,80,56.0,False,0.56,44.800000000000004,31,5.0,False,0.05,1.55,38,13.0,False,0.13,4.94
0,9.0,,0.09,0.0,30,2.0,,0.02,0.6,47,56.0,,0.56,26.320000000000004,62,5.0,,0.05,3.1,32,13.0,,0.13,4.16
0,9.0,,0.09,0.0,90,2.0,,0.02,1.8,83,56.0,,0.56,46.480000000000004,72,5.0,,0.05,3.6,58,13.0,,0.13,7.54
0,9.0,,0.09,0.0,68,2.0,,0.02,1.36,57,56.0,,0.56,31.92,100,5.0,,0.05,5.0,50,13.0,,0.13,6.5
0,9.0,,0.09,0.0,90,2.0,,0.02,1.8,40,56.0,,0.56,22.400000000000002,36,5.0,,0.05,1.8,22,13.0,,0.13,2.8600000000000003
89,9.0,,0.09,8.01,40,2.0,,0.02,0.8,41,56.0,,0.56,22.96,52,5.0,,0.05,2.6,53,13.0,,0.13,6.890000000000001
0,9.0,,0.09,0.0,75,2.0,,0.02,1.5,61,56.0,,0.56,34.160000000000004,34,5.0,,0.05,1.7000000000000002,51,13.0,,0.13,6.63
100,9.0,False,0.09,9.0,100,2.0,False,0.02,2.0,47,53.0,False,0.53,24.91,50,5.0,False,0.05,2.5,85,17.0,False,0.17,14.450000000000001
0,9.0,,0.09,0.0,71,2.0,,0.02,1.42,49,53.0,,0.53,25.970000000000002,82,5.0,,0.05,4.1000000000000005,75,17.0,,0.17,12.750000000000002
0,9.0,,0.09,0.0,34,2.0,,0.02,0.68,32,53.0,,0.53,16.96,35,5.0,,0.05,1.75,100,17.0,,0.17,17.0
0,9.0,,0.09,0.0,43,2.0,,0.02,0.86,50,53.0,,0.53,26.5,79,5.0,,0.05,3.95,73,17.0,,0.17,12.41
0,9.0,,0.09,0.0,38,2.0,,0.02,0.76,49,53.0,,0.53,25.970000000000002,35,5.0,,0.05,1.75,57,17.0,,0.17,9.690000000000001
88,9.0,,0.09,7.92,44,2.0,,0.02,0.88,46,53.0,,0.53,24.380000000000003,89,5.0,,0.05,4.45,22,17.0,,0.17,3.74
99,9.0,,0.09,8.91,45,2.0,,0.02,0.9,46,53.0,,0.53,24.380000000000003,50,5.0,,0.05,2.5,59,17.0,,0.17,10.030000000000001
98,7.0,False,0.07,6.86,59,1.0,False,0.01,0.59,57,85.0,False,0.85,48.449999999999996,49,5.0,False,0.05,2.45,17,14.0,False,0.14,2.3800000000000003
0,7.0,,0.07,0.0,21,1.0,,0.01,0.21,67,85.0,,0.85,56.949999999999996,43,5.0,,0.05,2.15,65,14.0,,0.14,9.100000000000001
0,7.0,,0.07,0.0,64,1.0,,0.01,0.64,52,85.0,,0.85,44.199999999999996,65,5.0,,0.05,3.25,72,14.0,,0.14,10.080000000000002
0,7.0,,0.07,0.0,34,1.0,,0.01,0.34,100,85.0,,0.85,85.0,14,5.0,,0.05,0.7000000000000001,87,14.0,,0.14,12.180000000000001
0,7.0,,0.07,0.0,51,1.0,,0.01,0.51,82,85.0,,0.85,69.7,50,5.0,,0.05,2.5,80,14.0,,0.14,11.200000000000001
89,7.0,,0.07,6.23,18,1.0,,0.01,0.18,73,85.0,,0.85,62.05,60,5.0,,0.05,3.0,38,14.0,,0.14,5.32
0,7.0,,0.07,0.0,49,1.0,,0.01,0.49,58,85.0,,0.85,49.3,74,5.0,,0.05,3.7,17,14.0,,0.14,2.3800000000000003
0,9.0,False,0.09,0.0,49,1.0,False,0.01,0.49,83,55.0,False,0.55,45.650000000000006,82,6.0,False,0.06,4.92,74,11.0,False,0.11,8.14
0,9.0,,0.09,0.0,29,1.0,,0.01,0.29,51,55.0,,0.55,28.05,92,6.0,,0.06,5.52,50,11.0,,0.11,5.5
0,9.0,,0.09,0.0,29,1.0,,0.01,0.29,68,55.0,,0.55,37.400000000000006,90,6.0,,0.06,5.3999999999999995,84,11.0,,0.11,9.24
84,9.0,,0.09,7.56,25,1.0,,0.01,0.25,46,55.0,,0.55,25.3,70,6.0,,0.06,4.2,50,11.0,,0.11,5.5
85,9.0,,0.09,7.6499999999999995,21,1.0,,0.01,0.21,50,55.0,,0.55,27.500000000000004,36,6.0,,0.06,2.16,22,11.0,,0.11,2.42
0,9.0,,0.09,0.0,36,1.0,,0.01,0.36,42,55.0,,0.55,23.1,38,6.0,,0.06,2.28,38,11.0,,0.11,4.18
0,9.0,,0.09,0.0,41,1.0,,0.01,0.41000000000000003,71,55.0,,0.55,39.050000000000004,26,6.0,,0.06,1.56,17,11.0,,0.11,1.87
0,7.0,False,0.07,0.0,40,1.0,False,0.01,0.4,67,52.0,False,0.52,34.84,75,6.0,False,0.06,4.5,34,10.0,False,0.1,3.4000000000000004
87,7.0,,0.07,6.090000000000001,48,1.0,,0.01,0.48,38,52.0,,0.52,19.76,29,6.0,,0.06,1.74,52,10.0,,0.1,5.2
87,7.0,,0.07,6.090000000000001,17,1.0,,0.01,0.17,48,52.0,,0.52,24.96,51,6.0,,0.06,3.06,7,10.0,,0.1,0.7000000000000001
88,7.0,,0.07,6.16,31,1.0,,0.01,0.31,36,52.0,,0.52,18.72,37,6.0,,0.06,2.2199999999999998,15,10.0,,0.1,1.5
28,7.0,,0.07,1.9600000000000002,54,1.0,,0.01,0.54,50,52.0,,0.52,26.0,5,6.0,,0.06,0.3,21,10.0,,0.1,2.1
0,7.0,,0.07,0.0,24,1.0,,0.01,0.24,78,52.0,,0.52,40.56,13,6.0,,0.06,0.78,33,10.0,,0.1,3.3000000000000003
0,7.0,,0.07,0.0,63,1.0,,0.01,0.63,95,52.0,,0.52,49.4,1,6.0,,0.06,0.06,18,10.0,,0.1,1.8
0,11.0,False,0.11,0.0,44,1.0,False,0.01,0.44,60,51.0,False,0.51,30.6,9,8.0,False,0.08,0.72,0,8.0,False,0.08,0.0
0,11.0,,0.11,0.0,54,1.0,,0.01,0.54,50,51.0,,0.51,25.5,13,8.0,,0.08,1.04,16,8.0,,0.08,1.28
0,11.0,,0.11,0.0,39,1.0,,0.01,0.39,63,51.0,,0.51,32.13,7,8.0,,0.08,0.56,37,8.0,,0.08,2.96
55,11.0,,0.11,6.05,39,1.0,,0.01,0.39,29,51.0,,0.51,14.790000000000001,23,8.0,,0.08,1.84,21,8.0,,0.08,1.68
28,11.0,,0.11,3.08,31,1.0,,0.01,0.31,36,51.0,,0.51,18.36,14,8.0,,0.08,1.12,42,8.0,,0.08,3.36
0,11.0,,0.11,0.0,51,1.0,,0.01,0.51,39,51.0,,0.51,19.89,18,8.0,,0.08,1.44,0,8.0,,0.08,0.0
0,11.0,,0.11,0.0,47,1.0,,0.01,0.47000000000000003,71,51.0,,0.51,36.21,18,8.0,,0.08,1.44,25,8.0,,0.08,2.0
0,9.0,False,0.09,0.0,56,1.0,False,0.01,0.56,36,42.0,False,0.42,15.12,24,10.0,False,0.1,2.4000000000000004,25,7.0,False,0.07,1.7500000000000002
30,9.0,,0.09,2.6999999999999997,42,1.0,,0.01,0.42,35,42.0,,0.42,14.7,22,10.0,,0.1,2.2,28,7.0,,0.07,1.9600000000000002
0,9.0,,0.09,0.0,33,1.0,,0.01,0.33,60,42.0,,0.42,25.2,22,10.0,,0.1,2.2,50,7.0,,0.07,3.5000000000000004
87,9.0,,0.09,7.83,49,1.0,,0.01,0.49,40,42.0,,0.42,16.8,18,10.0,,0.1,1.8,22,7.0,,0.07,1.54
0,9.0,,0.09,0.0,17,1.0,,0.01,0.17,38,42.0,,0.42,15.959999999999999,21,10.0,,0.1,2.1,22,7.0,,0.07,1.54
0,9.0,,0.09,0.0,52,1.0,,0.01,0.52,52,42.0,,0.42,21.84,14,10.0,,0.1,1.4000000000000001,12,7.0,,0.07,0.8400000000000001
0,9.0,,0.09,0.0,28,1.0,,0.01,0.28,64,42.0,,0.42,26.88,21,10.0,,0.1,2.1,25,7.0,,0.07,1.7500000000000002
100,7.0,False,0.07,7.000000000000001,37,1.0,False,0.01,0.37,100,62.0,False,0.62,62.0,26,14.0,False,0.14,3.6400000000000006,32,6.0,False,0.06,1.92
0,7.0,,0.07,0.0,24,1.0,,0.01,0.24,75,62.0,,0.62,46.5,29,14.0,,0.14,4.0600000000000005,17,6.0,,0.06,1.02
29,7.0,,0.07,2.0300000000000002,66,1.0,,0.01,0.66,78,62.0,,0.62,48.36,32,14.0,,0.14,4.48,22,6.0,,0.06,1.3199999999999998
29,7.0,,0.07,2.0300000000000002,49,1.0,,0.01,0.49,50,62.0,,0.62,31.0,29,14.0,,0.14,4.0600000000000005,28,6.0,,0.06,1.68
0,7.0,,0.07,0.0,25,1.0,,0.01,0.25,44,62.0,,0.62,27.28,21,14.0,,0.14,2.9400000000000004,28,6.0,,0.06,1.68
31,7.0,,0.07,2.1700000000000004,43,1.0,,0.01,0.43,49,62.0,,0.62,30.38,18,14.0,,0.14,2.5200000000000005,23,6.0,,0.06,1.38
0,7.0,,0.07,0.0,46,1.0,,0.01,0.46,60,62.0,,0.62,37.2,55,14.0,,0.14,7.700000000000001,12,6.0,,0.06,0.72
0,5.0,False,0.05,0.0,46,1.0,False,0.01,0.46,77,49.0,False,0.49,37.73,52,38.0,False,0.38,19.76,6,13.0,False,0.13,0.78
29,5.0,,0.05,1.4500000000000002,49,1.0,,0.01,0.49,59,49.0,,0.49,28.91,74,38.0,,0.38,28.12,11,13.0,,0.13,1.4300000000000002
0,5.0,,0.05,0.0,82,1.0,,0.01,0.8200000000000001,47,49.0,,0.49,23.03,73,38.0,,0.38,27.740000000000002,33,13.0,,0.13,4.29
0,5.0,,0.05,0.0,66,1.0,,0.01,0.66,53,49.0,,0.49,25.97,66,38.0,,0.38,25.080000000000002,100,13.0,,0.13,13.0
29,5.0,,0.05,1.4500000000000002,41,1.0,,0.01,0.41000000000000003,28,49.0,,0.49,13.719999999999999,47,38.0,,0.38,17.86,45,13.0,,0.13,5.8500000000000005
0,5.0,,0.05,0.0,51,1.0,,0.01,0.51,55,49.0,,0.49,26.95,65,38.0,,0.38,24.7,40,13.0,,0.13,5.2
0,5.0,,0.05,0.0,100,1.0,,0.01,1.0,52,49.0,,0.49,25.48,100,38.0,,0.38,38.0,18,13.0,,0.13,2.34
39,2.0,False,0.02,0.78,84,0.0,False,0.0,0.0,42,38.0,False,0.38,15.96,56,36.0,False,0.36,20.16,38,7.0,False,0.07,2.66
35,2.0,,0.02,0.7000000000000001,59,0.0,,0.0,0.0,38,38.0,,0.38,14.44,43,36.0,,0.36,15.479999999999999,28,7.0,,0.07,1.9600000000000002
0,2.0,,0.02,0.0,56,0.0,,0.0,0.0,62,38.0,,0.38,23.56,40,36.0,,0.36,14.399999999999999,11,7.0,,0.07,0.77
29,2.0,,0.02,0.58,14,0.0,,0.0,0.0,32,38.0,,0.38,12.16,19,36.0,,0.36,6.84,19,7.0,,0.07,1.33
31,2.0,,0.02,0.62,44,0.0,,0.0,0.0,30,38.0,,0.38,11.4,21,36.0,,0.36,7.56,20,7.0,,0.07,1.4000000000000001
0,2.0,,0.02,0.0,31,0.0,,0.0,0.0,43,38.0,,0.38,16.34,24,36.0,,0.36,8.64,27,7.0,,0.07,1.8900000000000001
0,2.0,,0.02,0.0,43,0.0,,0.0,0.0,63,38.0,,0.38,23.94,22,36.0,,0.36,7.92,18,7.0,,0.07,1.2600000000000002
0,30.0,False,0.3,0.0,72,1.0,False,0.01,0.72,61,43.0,False,0.43,26.23,26,38.0,False,0.38,9.88,49,21.0,False,0.21,10.29
34,30.0,,0.3,10.2,25,1.0,,0.01,0.25,78,43.0,,0.43,33.54,20,38.0,,0.38,7.6,100,21.0,,0.21,21.0
100,30.0,,0.3,30.0,48,1.0,,0.01,0.48,47,43.0,,0.43,20.21,28,38.0,,0.38,10.64,54,21.0,,0.21,11.34
0,30.0,,0.3,0.0,49,1.0,,0.01,0.49,59,43.0,,0.43,25.37,24,38.0,,0.38,9.120000000000001,67,21.0,,0.21,14.07
34,30.0,,0.3,10.2,25,1.0,,0.01,0.25,56,43.0,,0.43,24.08,37,38.0,,0.38,14.06,67,21.0,,0.21,14.07
36,30.0,,0.3,10.799999999999999,26,1.0,,0.01,0.26,43,43.0,,0.43,18.49,34,38.0,,0.38,12.92,23,21.0,,0.21,4.83
79,30.0,,0.3,23.7,66,1.0,,0.01,0.66,56,43.0,,0.43,24.08,31,38.0,,0.38,11.78,83,21.0,,0.21,17.43
0,12.0,False,0.12,0.0,46,1.0,False,0.01,0.46,100,48.0,False,0.48,48.0,47,100.0,False,1.0,47.0,62,31.0,False,0.31,19.22
0,12.0,,0.12,0.0,65,1.0,,0.01,0.65,70,48.0,,0.48,33.6,87,100.0,,1.0,87.0,89,31.0,,0.31,27.59
68,12.0,,0.12,8.16,16,1.0,,0.01,0.16,59,48.0,,0.48,28.32,100,100.0,,1.0,100.0,55,31.0,,0.31,17.05
34,12.0,,0.12,4.08,90,1.0,,0.01,0.9,67,48.0,,0.48,32.16,87,100.0,,1.0,87.0,83,31.0,,0.31,25.73
0,12.0,,0.12,0.0,58,1.0,,0.01,0.58,49,48.0,,0.48,23.52,75,100.0,,1.0,75.0,67,31.0,,0.31,20.77
70,12.0,,0.12,8.4,59,1.0,,0.01,0.59,57,48.0,,0.48,27.36,68,100.0,,1.0,68.0,92,31.0,,0.31,28.52
38,12.0,,0.12,4.56,18,1.0,,0.01,0.18,50,48.0,,0.48,24.0,71,100.0,,1.0,71.0,94,31.0,,0.31,29.14
38,7.0,False,0.07,2.66,100,1.0,False,0.01,1.0,82,52.0,False,0.52,42.64,71,66.0,False,0.66,46.86,49,20.0,False,0.2,9.8
69,7.0,,0.07,4.83,75,1.0,,0.01,0.75,64,52.0,,0.52,33.28,61,66.0,,0.66,40.260000000000005,56,20.0,,0.2,11.200000000000001
68,7.0,,0.07,4.760000000000001,49,1.0,,0.01,0.49,52,52.0,,0.52,27.04,50,66.0,,0.66,33.0,50,20.0,,0.2,10.0
0,7.0,,0.07,0.0,49,1.0,,0.01,0.49,62,52.0,,0.52,32.24,43,66.0,,0.66,28.380000000000003,33,20.0,,0.2,6.6000000000000005
34,7.0,,0.07,2.3800000000000003,49,1.0,,0.01,0.49,60,52.0,,0.52,31.200000000000003,42,66.0,,0.66,27.720000000000002,50,20.0,,0.2,10.0
34,7.0,,0.07,2.3800000000000003,49,1.0,,0.01,0.49,49,52.0,,0.52,25.48,43,66.0,,0.66,28.380000000000003,56,20.0,,0.2,11.200000000000001
76,7.0,,0.07,5.32,27,1.0,,0.01,0.27,62,52.0,,0.52,32.24,36,66.0,,0.66,23.76,50,20.0,,0.2,10.0
0,20.0,False,0.2,0.0,54,1.0,False,0.01,0.54,49,44.0,False,0.44,21.56,39,44.0,False,0.44,17.16,49,24.0,False,0.24,11.76
66,20.0,,0.2,13.200000000000001,40,1.0,,0.01,0.4,86,44.0,,0.44,37.84,36,44.0,,0.44,15.84,32,24.0,,0.24,7.68
47,20.0,,0.2,9.4,55,1.0,,0.01,0.55,55,44.0,,0.44,24.2,66,44.0,,0.44,29.04,34,24.0,,0.24,8.16
0,20.0,,0.2,0.0,55,1.0,,0.01,0.55,38,44.0,,0.44,16.72,65,44.0,,0.44,28.6,55,24.0,,0.24,13.2
49,20.0,,0.2,9.8,67,1.0,,0.01,0.67,48,44.0,,0.44,21.12,82,44.0,,0.44,36.08,66,24.0,,0.24,15.84
50,20.0,,0.2,10.0,46,1.0,,0.01,0.46,27,44.0,,0.44,11.88,100,44.0,,0.44,44.0,80,24.0,,0.24,19.2
36,20.0,,0.2,7.2,37,1.0,,0.01,0.37,82,44.0,,0.44,36.08,73,44.0,,0.44,32.12,67,24.0,,0.24,16.08
18,37.0,False,0.37,6.66,50,1.0,False,0.01,0.5,62,46.0,False,0.46,28.52,82,39.0,False,0.39,31.98,53,35.0,False,0.35,18.549999999999997
0,37.0,,0.37,0.0,22,1.0,,0.01,0.22,68,46.0,,0.46,31.28,64,39.0,,0.39,24.96,52,35.0,,0.35,18.2
0,37.0,,0.37,0.0,33,1.0,,0.01,0.33,38,46.0,,0.46,17.48,73,39.0,,0.39,28.470000000000002,77,35.0,,0.35,26.95
16,37.0,,0.37,5.92,67,1.0,,0.01,0.67,56,46.0,,0.46,25.76,78,39.0,,0.39,30.42,100,35.0,,0.35,35.0
49,37.0,,0.37,18.13,79,1.0,,0.01,0.79,39,46.0,,0.46,17.94,50,39.0,,0.39,19.5,44,35.0,,0.35,15.399999999999999
100,37.0,,0.37,37.0,23,1.0,,0.01,0.23,52,46.0,,0.46,23.92,61,39.0,,0.39,23.79,58,35.0,,0.35,20.299999999999997
18,37.0,,0.37,6.66,50,1.0,,0.01,0.5,70,46.0,,0.46,32.2,58,39.0,,0.39,22.62,59,35.0,,0.35,20.65
18,37.0,False,0.37,6.66,25,1.0,False,0.01,0.25,59,48.0,False,0.48,28.32,79,40.0,False,0.4,31.6,91,42.0,False,0.42,38.22
32,37.0,,0.37,11.84,88,1.0,,0.01,0.88,55,48.0,,0.48,26.4,72,40.0,,0.4,28.8,60,42.0,,0.42,25.2
16,37.0,,0.37,5.92,11,1.0,,0.01,0.11,33,48.0,,0.48,15.84,68,40.0,,0.4,27.200000000000003,75,42.0,,0.42,31.5
0,37.0,,0.37,0.0,46,1.0,,0.01,0.46,54,48.0,,0.48,25.919999999999998,68,40.0,,0.4,27.200000000000003,97,42.0,,0.42,40.74
33,37.0,,0.37,12.209999999999999,68,1.0,,0.01,0.68,54,48.0,,0.48,25.919999999999998,68,40.0,,0.4,27.200000000000003,84,42.0,,0.42,35.28
52,37.0,,0.37,19.24,12,1.0,,0.01,0.12,51,48.0,,0.48,24.48,58,40.0,,0.4,23.200000000000003,65,42.0,,0.42,27.3
37,37.0,,0.37,13.69,38,1.0,,0.01,0.38,34,48.0,,0.48,16.32,77,40.0,,0.4,30.8,69,42.0,,0.42,28.98
56,38.0,False,0.38,21.28,64,1.0,False,0.01,0.64,51,39.0,False,0.39,19.89,92,39.0,False,0.39,35.88,40,21.0,False,0.21,8.4
17,38.0,,0.38,6.46,95,1.0,,0.01,0.9500000000000001,28,39.0,,0.39,10.92,90,39.0,,0.39,35.1,92,21.0,,0.21,19.32
68,38.0,,0.38,25.84,59,1.0,,0.01,0.59,31,39.0,,0.39,12.09,76,39.0,,0.39,29.64,74,21.0,,0.21,15.54
35,38.0,,0.38,13.3,60,1.0,,0.01,0.6,35,39.0,,0.39,13.65,65,39.0,,0.39,25.35,47,21.0,,0.21,9.87
0,38.0,,0.38,0.0,40,1.0,,0.01,0.4,14,39.0,,0.39,5.46,45,39.0,,0.39,17.55,31,21.0,,0.21,6.51
62,38.0,,0.38,23.56,57,1.0,,0.01,0.5700000000000001,53,39.0,,0.39,20.67,41,39.0,,0.39,15.99,44,21.0,,0.21,9.24
0,38.0,,0.38,0.0,26,1.0,,0.01,0.26,62,39.0,,0.39,24.18,56,39.0,,0.39,21.84,15,21.0,,0.21,3.15
18,27.0,False,0.27,4.86,100,1.0,False,0.01,1.0,40,46.0,False,0.46,18.400000000000002,51,35.0,False,0.35,17.849999999999998,58,24.0,False,0.24,13.92
0,27.0,,0.27,0.0,23,1.0,,0.01,0.23,52,46.0,,0.46,23.92,49,35.0,,0.35,17.15,86,24.0,,0.24,20.64
34,27.0,,0.27,9.18,48,1.0,,0.01,0.48,60,46.0,,0.46,27.6,55,35.0,,0.35,19.25,46,24.0,,0.24,11.04
52,27.0,,0.27,14.040000000000001,61,1.0,,0.01,0.61,100,46.0,,0.46,46.0,70,35.0,,0.35,24.5,42,24.0,,0.24,10.08
0,27.0,,0.27,0.0,64,1.0,,0.01,0.64,61,46.0,,0.46,28.060000000000002,52,35.0,,0.35,18.2,40,24.0,,0.24,9.6
0,27.0,,0.27,0.0,81,1.0,,0.01,0.81,51,46.0,,0.46,23.46,84,35.0,,0.35,29.4,100,24.0,,0.24,24.0
35,27.0,,0.27,9.450000000000001,50,1.0,,0.01,0.5,61,46.0,,0.46,28.060000000000002,72,35.0,,0.35,25.2,46,24.0,,0.24,11.04
0,41.0,False,0.41,0.0,12,1.0,False,0.01,0.12,53,43.0,False,0.43,22.79,74,46.0,False,0.46,34.04,96,22.0,False,0.22,21.12
62,41.0,,0.41,25.419999999999998,100,1.0,,0.01,1.0,64,43.0,,0.43,27.52,72,46.0,,0.46,33.120000000000005,56,22.0,,0.22,12.32
93,41.0,,0.41,38.129999999999995,67,1.0,,0.01,0.67,70,43.0,,0.43,30.099999999999998,98,46.0,,0.46,45.080000000000005,87,22.0,,0.22,19.14
31,41.0,,0.41,12.709999999999999,11,1.0,,0.01,0.11,57,43.0,,0.43,24.509999999999998,95,46.0,,0.46,43.7,71,22.0,,0.22,15.62
30,41.0,,0.41,12.299999999999999,22,1.0,,0.01,0.22,41,43.0,,0.43,17.63,71,46.0,,0.46,32.660000000000004,20,22.0,,0.22,4.4
62,41.0,,0.41,25.419999999999998,44,1.0,,0.01,0.44,41,43.0,,0.43,17.63,65,46.0,,0.46,29.900000000000002,56,22.0,,0.22,12.32
67,41.0,,0.41,27.47,36,1.0,,0.01,0.36,59,43.0,,0.43,25.37,79,46.0,,0.46,36.34,50,22.0,,0.22,11.0
34,28.0,False,0.28,9.520000000000001,36,0.0,False,0.0,0.0,52,47.0,False,0.47,24.439999999999998,90,43.0,False,0.43,38.7,34,20.0,False,0.2,6.800000000000001
0,28.0,,0.28,0.0,21,0.0,,0.0,0.0,40,47.0,,0.47,18.799999999999997,81,43.0,,0.43,34.83,20,20.0,,0.2,4.0
60,28.0,,0.28,16.8,43,0.0,,0.0,0.0,56,47.0,,0.47,26.32,90,43.0,,0.43,38.7,65,20.0,,0.2,13.0
31,28.0,,0.28,8.680000000000001,55,0.0,,0.0,0.0,32,47.0,,0.47,15.04,67,43.0,,0.43,28.81,41,20.0,,0.2,8.200000000000001
63,28.0,,0.28,17.64,34,0.0,,0.0,0.0,58,47.0,,0.47,27.259999999999998,66,43.0,,0.43,28.38,42,20.0,,0.2,8.4
0,28.0,,0.28,0.0,23,0.0,,0.0,0.0,49,47.0,,0.47,23.029999999999998,64,43.0,,0.43,27.52,47,20.0,,0.2,9.4
0,28.0,,0.28,0.0,25,0.0,,0.0,0.0,60,47.0,,0.47,28.2,79,43.0,,0.43,33.97,51,20.0,,0.2,10.200000000000001
100,21.0,False,0.21,21.0,36,1.0,False,0.01,0.36,100,44.0,False,0.44,44.0,73,38.0,False,0.38,27.740000000000002,39,16.0,False,0.16,6.24
61,21.0,,0.21,12.809999999999999,44,1.0,,0.01,0.44,38,44.0,,0.44,16.72,63,38.0,,0.38,23.94,46,16.0,,0.16,7.36
30,21.0,,0.21,6.3,22,1.0,,0.01,0.22,41,44.0,,0.44,18.04,63,38.0,,0.38,23.94,60,16.0,,0.16,9.6
60,21.0,,0.21,12.6,75,1.0,,0.01,0.75,74,44.0,,0.44,32.56,60,38.0,,0.38,22.8,59,16.0,,0.16,9.44
0,21.0,,0.21,0.0,22,1.0,,0.01,0.22,31,44.0,,0.44,13.64,56,38.0,,0.38,21.28,35,16.0,,0.16,5.6000000000000005
63,21.0,,0.21,13.229999999999999,46,1.0,,0.01,0.46,33,44.0,,0.44,14.52,59,38.0,,0.38,22.42,58,16.0,,0.16,9.28
68,21.0,,0.21,14.28,49,1.0,,0.01,0.49,53,44.0,,0.44,23.32,66,38.0,,0.38,25.080000000000002,74,16.0,,0.16,11.84
68,30.0,False,0.3,20.4,24,0.0,False,0.0,0.0,66,43.0,False,0.43,28.38,56,42.0,False,0.42,23.52,56,22.0,False,0.22,12.32
0,30.0,,0.3,0.0,32,0.0,,0.0,0.0,34,43.0,,0.43,14.62,86,42.0,,0.42,36.12,75,22.0,,0.22,16.5
30,30.0,,0.3,9.0,33,0.0,,0.0,0.0,31,43.0,,0.43,13.33,100,42.0,,0.42,42.0,50,22.0,,0.22,11.0
91,30.0,,0.3,27.3,33,0.0,,0.0,0.0,56,43.0,,0.43,24.08,79,42.0,,0.42,33.18,55,22.0,,0.22,12.1
31,30.0,,0.3,9.299999999999999,44,0.0,,0.0,0.0,47,43.0,,0.43,20.21,83,42.0,,0.42,34.86,41,22.0,,0.22,9.02
0,30.0,,0.3,0.0,68,0.0,,0.0,0.0,39,43.0,,0.43,16.77,65,42.0,,0.42,27.3,36,22.0,,0.22,7.92
69,30.0,,0.3,20.7,50,0.0,,0.0,0.0,57,43.0,,0.43,24.509999999999998,71,42.0,,0.42,29.82,34,22.0,,0.22,7.48
69,9.0,False,0.09,6.21,49,1.0,False,0.01,0.49,64,42.0,False,0.42,26.88,87,34.0,False,0.34,29.580000000000002,45,15.0,False,0.15,6.75
29,9.0,,0.09,2.61,53,1.0,,0.01,0.53,69,42.0,,0.42,28.98,76,34.0,,0.34,25.840000000000003,40,15.0,,0.15,6.0
29,9.0,,0.09,2.61,89,1.0,,0.01,0.89,69,42.0,,0.42,28.98,90,34.0,,0.34,30.6,100,15.0,,0.15,15.0
59,9.0,,0.09,5.31,18,1.0,,0.01,0.18,91,42.0,,0.42,38.22,100,34.0,,0.34,34.0,60,15.0,,0.15,9.0
59,9.0,,0.09,5.31,72,1.0,,0.01,0.72,70,42.0,,0.42,29.4,72,34.0,,0.34,24.48,87,15.0,,0.15,13.049999999999999
0,9.0,,0.09,0.0,55,1.0,,0.01,0.55,60,42.0,,0.42,25.2,85,34.0,,0.34,28.900000000000002,27,15.0,,0.15,4.05
32,9.0,,0.09,2.88,59,1.0,,0.01,0.59,76,42.0,,0.42,31.919999999999998,96,34.0,,0.34,32.64,22,15.0,,0.15,3.3
32,16.0,False,0.16,5.12,78,1.0,False,0.01,0.78,76,39.0,False,0.39,29.64,66,29.0,False,0.29,19.139999999999997,44,14.0,False,0.14,6.16
0,16.0,,0.16,0.0,53,1.0,,0.01,0.53,89,39.0,,0.39,34.71,68,29.0,,0.29,19.72,52,14.0,,0.14,7.280000000000001
29,16.0,,0.16,4.64,18,1.0,,0.01,0.18,100,39.0,,0.39,39.0,67,29.0,,0.29,19.43,26,14.0,,0.14,3.6400000000000006
29,16.0,,0.16,4.64,71,1.0,,0.01,0.71,53,39.0,,0.39,20.67,73,29.0,,0.29,21.169999999999998,46,14.0,,0.14,6.44
30,16.0,,0.16,4.8,36,1.0,,0.01,0.36,60,39.0,,0.39,23.400000000000002,74,29.0,,0.29,21.459999999999997,54,14.0,,0.14,7.5600000000000005
31,16.0,,0.16,4.96,77,1.0,,0.01,0.77,63,39.0,,0.39,24.57,72,29.0,,0.29,20.88,57,14.0,,0.14,7.98
0,16.0,,0.16,0.0,60,1.0,,0.01,0.6,53,39.0,,0.39,20.67,88,29.0,,0.29,25.52,67,14.0,,0.14,9.38
0,9.0,False,0.09,0.0,60,1.0,False,0.01,0.6,66,31.0,False,0.31,20.46,69,26.0,False,0.26,17.94,45,19.0,False,0.19,8.55
0,9.0,,0.09,0.0,73,1.0,,0.01,0.73,54,31.0,,0.31,16.74,80,26.0,,0.26,20.8,88,19.0,,0.19,16.72
0,9.0,,0.09,0.0,18,1.0,,0.01,0.18,53,31.0,,0.31,16.43,62,26.0,,0.26,16.12,53,19.0,,0.19,10.07
29,9.0,,0.09,2.61,72,1.0,,0.01,0.72,48,31.0,,0.31,14.879999999999999,72,26.0,,0.26,18.72,67,19.0,,0.19,12.73
30,9.0,,0.09,2.6999999999999997,36,1.0,,0.01,0.36,70,31.0,,0.31,21.7,74,26.0,,0.26,19.240000000000002,81,19.0,,0.19,15.39
0,9.0,,0.09,0.0,37,1.0,,0.01,0.37,66,31.0,,0.31,20.46,83,26.0,,0.26,21.580000000000002,62,19.0,,0.19,11.78
33,9.0,,0.09,2.9699999999999998,20,1.0,,0.01,0.2,36,31.0,,0.31,11.16,85,26.0,,0.26,22.1,68,19.0,,0.19,12.92
0,27.0,False,0.27,0.0,20,0.0,False,0.0,0.0,60,35.0,False,0.35,21.0,71,21.0,False,0.21,14.91,67,22.0,False,0.22,14.74
85,27.0,,0.27,22.950000000000003,34,0.0,,0.0,0.0,67,35.0,,0.35,23.45,42,21.0,,0.21,8.82,32,22.0,,0.22,7.04
59,27.0,,0.27,15.930000000000001,18,0.0,,0.0,0.0,59,35.0,,0.35,20.65,49,21.0,,0.21,10.29,60,22.0,,0.22,13.2
57,27.0,,0.27,15.39,53,0.0,,0.0,0.0,89,35.0,,0.35,31.15,37,21.0,,0.21,7.77,39,22.0,,0.22,8.58
58,27.0,,0.27,15.66,36,0.0,,0.0,0.0,69,35.0,,0.35,24.15,58,21.0,,0.21,12.18,73,22.0,,0.22,16.06
60,27.0,,0.27,16.200000000000003,55,0.0,,0.0,0.0,49,35.0,,0.35,17.15,62,21.0,,0.21,13.02,62,22.0,,0.22,13.64
100,27.0,,0.27,27.0,61,0.0,,0.0,0.0,97,35.0,,0.35,33.949999999999996,51,21.0,,0.21,10.709999999999999,83,22.0,,0.22,18.26
0,16.0,False,0.16,0.0,100,0.0,False,0.0,0.0,54,37.0,False,0.37,19.98,44,20.0,False,0.2,8.8,52,15.0,False,0.15,7.8
24,16.0,,0.16,3.84,0,0.0,,0.0,0.0,62,37.0,,0.37,22.94,60,20.0,,0.2,12.0,69,15.0,,0.15,10.35
24,16.0,,0.16,3.84,44,0.0,,0.0,0.0,54,37.0,,0.37,19.98,76,20.0,,0.2,15.200000000000001,57,15.0,,0.15,8.549999999999999
0,16.0,,0.16,0.0,29,0.0,,0.0,0.0,53,37.0,,0.37,19.61,52,20.0,,0.2,10.4,63,15.0,,0.15,9.45
24,16.0,,0.16,3.84,29,0.0,,0.0,0.0,73,37.0,,0.37,27.009999999999998,45,20.0,,0.2,9.0,51,15.0,,0.15,7.6499999999999995
0,16.0,,0.16,0.0,15,0.0,,0.0,0.0,61,37.0,,0.37,22.57,70,20.0,,0.2,14.0,33,15.0,,0.15,4.95
0,16.0,,0.16,0.0,17,0.0,,0.0,0.0,44,37.0,,0.37,16.28,46,20.0,,0.2,9.200000000000001,50,15.0,,0.15,7.5
54,21.0,False,0.21,11.34,17,0.0,False,0.0,0.0,99,39.0,False,0.39,38.61,91,17.0,False,0.17,15.47,43,14.0,False,0.14,6.0200000000000005
24,21.0,,0.21,5.04,59,0.0,,0.0,0.0,34,39.0,,0.39,13.26,67,17.0,,0.17,11.39,44,14.0,,0.14,6.16
95,21.0,,0.21,19.95,0,0.0,,0.0,0.0,58,39.0,,0.39,22.62,56,17.0,,0.17,9.520000000000001,51,14.0,,0.14,7.140000000000001
23,21.0,,0.21,4.83,58,0.0,,0.0,0.0,91,39.0,,0.39,35.49,51,17.0,,0.17,8.67,38,14.0,,0.14,5.32
24,21.0,,0.21,5.04,60,0.0,,0.0,0.0,74,39.0,,0.39,28.86,49,17.0,,0.17,8.33,78,14.0,,0.14,10.920000000000002
49,21.0,,0.21,10.29,61,0.0,,0.0,0.0,40,39.0,,0.39,15.600000000000001,38,17.0,,0.17,6.460000000000001,73,14.0,,0.14,10.22
0,21.0,,0.21,0.0,50,0.0,,0.0,0.0,66,39.0,,0.39,25.740000000000002,49,17.0,,0.17,8.33,65,14.0,,0.14,9.100000000000001
52,30.0,False,0.3,15.6,64,0.0,False,0.0,0.0,100,34.0,False,0.34,34.0,38,20.0,False,0.2,7.6000000000000005,76,15.0,False,0.15,11.4
79,30.0,,0.3,23.7,37,0.0,,0.0,0.0,48,34.0,,0.34,16.32,47,20.0,,0.2,9.4,53,15.0,,0.15,7.949999999999999
83,30.0,,0.3,24.9,38,0.0,,0.0,0.0,55,34.0,,0.34,18.700000000000003,60,20.0,,0.2,12.0,83,15.0,,0.15,12.45
47,30.0,,0.3,14.1,29,0.0,,0.0,0.0,39,34.0,,0.34,13.260000000000002,75,20.0,,0.2,15.0,51,15.0,,0.15,7.6499999999999995
0,30.0,,0.3,0.0,59,0.0,,0.0,0.0,49,34.0,,0.34,16.66,79,20.0,,0.2,15.8,32,15.0,,0.15,4.8
49,30.0,,0.3,14.7,0,0.0,,0.0,0.0,45,34.0,,0.34,15.3,80,20.0,,0.2,16.0,33,15.0,,0.15,4.95
0,30.0,,0.3,0.0,50,0.0,,0.0,0.0,44,34.0,,0.34,14.96,79,20.0,,0.2,15.8,51,15.0,,0.15,7.6499999999999995
27,21.0,False,0.21,5.67,100,0.0,False,0.0,0.0,77,37.0,False,0.37,28.49,69,26.0,False,0.26,17.94,36,17.0,False,0.17,6.12
0,21.0,,0.21,0.0,59,0.0,,0.0,0.0,54,37.0,,0.37,19.98,80,26.0,,0.26,20.8,83,17.0,,0.17,14.110000000000001
23,21.0,,0.21,4.83,43,0.0,,0.0,0.0,43,37.0,,0.37,15.91,100,26.0,,0.26,26.0,44,17.0,,0.17,7.48
96,21.0,,0.21,20.16,30,0.0,,0.0,0.0,69,37.0,,0.37,25.53,68,26.0,,0.26,17.68,71,17.0,,0.17,12.07
49,21.0,,0.21,10.29,45,0.0,,0.0,0.0,49,37.0,,0.37,18.13,91,26.0,,0.26,23.66,58,17.0,,0.17,9.860000000000001
49,21.0,,0.21,10.29,46,0.0,,0.0,0.0,30,37.0,,0.37,11.1,61,26.0,,0.26,15.860000000000001,53,17.0,,0.17,9.01
28,21.0,,0.21,5.88,86,0.0,,0.0,0.0,51,37.0,,0.37,18.87,68,26.0,,0.26,17.68,45,17.0,,0.17,7.65
28,48.0,False,0.48,13.44,17,1.0,False,0.01,0.17,62,31.0,False,0.31,19.22,98,18.0,False,0.18,17.64,22,16.0,False,0.16,3.52
25,48.0,,0.48,12.0,30,1.0,,0.01,0.3,60,31.0,,0.31,18.6,63,18.0,,0.18,11.34,46,16.0,,0.16,7.36
25,48.0,,0.48,12.0,0,1.0,,0.01,0.0,45,31.0,,0.31,13.95,56,18.0,,0.18,10.08,46,16.0,,0.16,7.36
100,48.0,,0.48,48.0,62,1.0,,0.01,0.62,51,31.0,,0.31,15.81,59,18.0,,0.18,10.62,100,16.0,,0.16,16.0
36,48.0,,0.48,17.28,92,1.0,,0.01,0.92,49,31.0,,0.31,15.19,72,18.0,,0.18,12.959999999999999,26,16.0,,0.16,4.16
51,48.0,,0.48,24.48,49,1.0,,0.01,0.49,41,31.0,,0.31,12.709999999999999,76,18.0,,0.18,13.68,31,16.0,,0.16,4.96
0,48.0,,0.48,0.0,0,1.0,,0.01,0.0,32,31.0,,0.31,9.92,29,18.0,,0.18,5.22,41,16.0,,0.16,6.5600000000000005
13,32.0,False,0.32,4.16,51,0.0,False,0.0,0.0,48,32.0,False,0.32,15.36,68,18.0,False,0.18,12.24,16,20.0,False,0.2,3.2
35,32.0,,0.32,11.200000000000001,0,0.0,,0.0,0.0,46,32.0,,0.32,14.72,90,18.0,,0.18,16.2,46,20.0,,0.2,9.200000000000001
22,32.0,,0.32,7.04,42,0.0,,0.0,0.0,54,32.0,,0.32,17.28,59,18.0,,0.18,10.62,34,20.0,,0.2,6.800000000000001
78,32.0,,0.32,24.96,28,0.0,,0.0,0.0,58,32.0,,0.32,18.56,81,18.0,,0.18,14.58,38,20.0,,0.2,7.6000000000000005
67,32.0,,0.32,21.44,57,0.0,,0.0,0.0,36,32.0,,0.32,11.52,84,18.0,,0.18,15.12,28,20.0,,0.2,5.6000000000000005
0,32.0,,0.32,0.0,29,0.0,,0.0,0.0,27,32.0,,0.32,8.64,65,18.0,,0.18,11.7,38,20.0,,0.2,7.6000000000000005
12,32.0,,0.32,3.84,63,0.0,,0.0,0.0,54,32.0,,0.32,17.28,66,18.0,,0.18,11.879999999999999,38,20.0,,0.2,7.6000000000000005
63,30.0,False,0.3,18.9,0,0.0,False,0.0,0.0,45,33.0,False,0.33,14.850000000000001,78,21.0,False,0.21,16.38,19,21.0,False,0.21,3.9899999999999998
11,30.0,,0.3,3.3,42,0.0,,0.0,0.0,62,33.0,,0.33,20.46,51,21.0,,0.21,10.709999999999999,20,21.0,,0.21,4.2
45,30.0,,0.3,13.5,14,0.0,,0.0,0.0,72,33.0,,0.33,23.76,62,21.0,,0.21,13.02,55,21.0,,0.21,11.549999999999999
11,30.0,,0.3,3.3,57,0.0,,0.0,0.0,45,33.0,,0.33,14.850000000000001,70,21.0,,0.21,14.7,41,21.0,,0.21,8.61
11,30.0,,0.3,3.3,72,0.0,,0.0,0.0,54,33.0,,0.33,17.82,73,21.0,,0.21,15.33,14,21.0,,0.21,2.94
23,30.0,,0.3,6.8999999999999995,15,0.0,,0.0,0.0,46,33.0,,0.33,15.180000000000001,77,21.0,,0.21,16.169999999999998,43,21.0,,0.21,9.03
50,30.0,,0.3,15.0,80,0.0,,0.0,0.0,66,33.0,,0.33,21.78,87,21.0,,0.21,18.27,43,21.0,,0.21,9.03
0,47.0,False,0.47,0.0,64,1.0,False,0.01,0.64,55,38.0,False,0.38,20.9,100,18.0,False,0.18,18.0,39,20.0,False,0.2,7.800000000000001
34,47.0,,0.47,15.979999999999999,28,1.0,,0.01,0.28,58,38.0,,0.38,22.04,57,18.0,,0.18,10.26,28,20.0,,0.2,5.6000000000000005
11,47.0,,0.47,5.17,42,1.0,,0.01,0.42,36,38.0,,0.38,13.68,76,18.0,,0.18,13.68,38,20.0,,0.2,7.6000000000000005
56,47.0,,0.47,26.32,100,1.0,,0.01,1.0,54,38.0,,0.38,20.52,62,18.0,,0.18,11.16,28,20.0,,0.2,5.6000000000000005
67,47.0,,0.47,31.49,71,1.0,,0.01,0.71,49,38.0,,0.38,18.62,49,18.0,,0.18,8.82,27,20.0,,0.2,5.4
23,47.0,,0.47,10.809999999999999,15,1.0,,0.01,0.15,66,38.0,,0.38,25.080000000000002,52,18.0,,0.18,9.36,29,20.0,,0.2,5.800000000000001
38,47.0,,0.47,17.86,97,1.0,,0.01,0.97,41,38.0,,0.38,15.58,73,18.0,,0.18,13.139999999999999,27,20.0,,0.2,5.4
12,64.0,False,0.64,7.68,64,0.0,False,0.0,0.0,100,42.0,False,0.42,42.0,80,15.0,False,0.15,12.0,35,31.0,False,0.31,10.85
11,64.0,,0.64,7.04,28,0.0,,0.0,0.0,76,42.0,,0.42,31.919999999999998,77,15.0,,0.15,11.549999999999999,38,31.0,,0.31,11.78
67,64.0,,0.64,42.88,28,0.0,,0.0,0.0,85,42.0,,0.42,35.699999999999996,64,15.0,,0.15,9.6,100,31.0,,0.31,31.0
100,64.0,,0.64,64.0,28,0.0,,0.0,0.0,98,42.0,,0.42,41.16,69,15.0,,0.15,10.35,96,31.0,,0.31,29.759999999999998
44,64.0,,0.64,28.16,42,0.0,,0.0,0.0,49,42.0,,0.42,20.58,39,15.0,,0.15,5.85,61,31.0,,0.31,18.91
45,64.0,,0.64,28.8,29,0.0,,0.0,0.0,50,42.0,,0.42,21.0,65,15.0,,0.15,9.75,56,31.0,,0.31,17.36
100,64.0,,0.64,64.0,48,0.0,,0.0,0.0,100,42.0,,0.42,42.0,84,15.0,,0.15,12.6,47,31.0,,0.31,14.57
21,42.0,False,0.42,8.82,47,0.0,False,0.0,0.0,55,33.0,False,0.33,18.150000000000002,72,17.0,False,0.17,12.24,23,61.0,False,0.61,14.03
6,42.0,,0.42,2.52,0,0.0,,0.0,0.0,59,33.0,,0.33,19.470000000000002,85,17.0,,0.17,14.450000000000001,51,61.0,,0.61,31.11
12,42.0,,0.42,5.04,28,0.0,,0.0,0.0,39,33.0,,0.33,12.870000000000001,80,17.0,,0.17,13.600000000000001,100,61.0,,0.61,61.0
13,42.0,,0.42,5.46,42,0.0,,0.0,0.0,49,33.0,,0.33,16.17,51,17.0,,0.17,8.67,52,61.0,,0.61,31.72
13,42.0,,0.42,5.46,71,0.0,,0.0,0.0,50,33.0,,0.33,16.5,86,17.0,,0.17,14.620000000000001,42,61.0,,0.61,25.62
0,42.0,,0.42,0.0,15,0.0,,0.0,0.0,52,33.0,,0.33,17.16,100,17.0,,0.17,17.0,35,61.0,,0.61,21.349999999999998
29,42.0,,0.42,12.18,64,0.0,,0.0,0.0,84,33.0,,0.33,27.720000000000002,35,17.0,,0.17,5.95,27,61.0,,0.61,16.47
22,55.0,False,0.55,12.100000000000001,49,1.0,False,0.01,0.49,69,43.0,False,0.43,29.669999999999998,47,15.0,False,0.15,7.05,22,22.0,False,0.22,4.84
45,55.0,,0.55,24.750000000000004,43,1.0,,0.01,0.43,50,43.0,,0.43,21.5,83,15.0,,0.15,12.45,19,22.0,,0.22,4.18
19,55.0,,0.55,10.450000000000001,14,1.0,,0.01,0.14,64,43.0,,0.43,27.52,74,15.0,,0.15,11.1,35,22.0,,0.22,7.7
0,55.0,,0.55,0.0,28,1.0,,0.01,0.28,54,43.0,,0.43,23.22,61,15.0,,0.15,9.15,16,22.0,,0.22,3.52
26,55.0,,0.55,14.3,73,1.0,,0.01,0.73,81,43.0,,0.43,34.83,87,15.0,,0.15,13.049999999999999,21,22.0,,0.22,4.62
27,55.0,,0.55,14.850000000000001,76,1.0,,0.01,0.76,80,43.0,,0.43,34.4,73,15.0,,0.15,10.95,17,22.0,,0.22,3.74
15,55.0,,0.55,8.25,65,1.0,,0.01,0.65,91,43.0,,0.43,39.13,74,15.0,,0.15,11.1,20,22.0,,0.22,4.4
21,44.0,False,0.44,9.24,47,1.0,False,0.01,0.47000000000000003,88,36.0,False,0.36,31.68,61,15.0,False,0.15,9.15,27,19.0,False,0.19,5.13
13,44.0,,0.44,5.72,56,1.0,,0.01,0.56,64,36.0,,0.36,23.04,81,15.0,,0.15,12.15,24,19.0,,0.19,4.5600000000000005
19,44.0,,0.44,8.36,28,1.0,,0.01,0.28,45,36.0,,0.36,16.2,99,15.0,,0.15,14.85,11,19.0,,0.19,2.09
19,44.0,,0.44,8.36,28,1.0,,0.01,0.28,34,36.0,,0.36,12.24,67,15.0,,0.15,10.049999999999999,17,19.0,,0.19,3.23
32,44.0,,0.44,14.08,71,1.0,,0.01,0.71,65,36.0,,0.36,23.4,62,15.0,,0.15,9.299999999999999,10,19.0,,0.19,1.9
20,44.0,,0.44,8.8,0,1.0,,0.01,0.0,41,36.0,,0.36,14.76,64,15.0,,0.15,9.6,10,19.0,,0.19,1.9
22,44.0,,0.44,9.68,48,1.0,,0.01,0.48,56,36.0,,0.36,20.16,62,15.0,,0.15,9.299999999999999,11,19.0,,0.19,2.09
14,38.0,False,0.38,5.32,16,0.0,False,0.0,0.0,56,27.0,False,0.27,15.120000000000001,77,13.0,False,0.13,10.01,22,14.0,False,0.14,3.08
7,38.0,,0.38,2.66,44,0.0,,0.0,0.0,71,27.0,,0.27,19.17,91,13.0,,0.13,11.83,12,14.0,,0.14,1.6800000000000002
13,38.0,,0.38,4.94,100,0.0,,0.0,0.0,55,27.0,,0.27,14.850000000000001,62,13.0,,0.13,8.06,18,14.0,,0.14,2.5200000000000005
13,38.0,,0.38,4.94,14,0.0,,0.0,0.0,25,27.0,,0.27,6.75,79,13.0,,0.13,10.27,16,14.0,,0.14,2.24
19,38.0,,0.38,7.22,86,0.0,,0.0,0.0,55,27.0,,0.27,14.850000000000001,76,13.0,,0.13,9.88,15,14.0,,0.14,2.1
20,38.0,,0.38,7.6,60,0.0,,0.0,0.0,36,27.0,,0.27,9.72,50,13.0,,0.13,6.5,10,14.0,,0.14,1.4000000000000001
15,38.0,,0.38,5.7,50,0.0,,0.0,0.0,69,27.0,,0.27,18.630000000000003,72,13.0,,0.13,9.36,7,14.0,,0.14,0.9800000000000001
23,44.0,True,0.44,10.12,50,1.0,True,0.01,0.5,29,27.0,True,0.27,7.83,53,10.0,True,0.1,5.300000000000001,17,14.0,True,0.14,2.3800000000000003
0,44.0,,0.44,0.0,59,1.0,,0.01,0.59,41,27.0,,0.27,11.07,60,10.0,,0.1,6.0,12,14.0,,0.14,1.6800000000000002
